{"count":1,"self":273.17931519999996,"total":873.5432033,"children":{"InitializeActuators":{"count":8,"self":0.0015141999999999998,"total":0.0015141999999999998,"children":null},"InitializeSensors":{"count":8,"self":0.0015038,"total":0.0015038,"children":null},"AgentSendState":{"count":621784,"self":3.5578244,"total":15.6750846,"children":{"CollectObservations":{"count":994856,"self":3.7186684,"total":3.7186684,"children":null},"WriteActionMask":{"count":994856,"self":0.4116802,"total":0.4116802,"children":null},"RequestDecision":{"count":994856,"self":2.1437456,"total":7.9869115,"children":{"AgentInfo.ToProto":{"count":994856,"self":1.8972343999999999,"total":5.8431657999999995,"children":{"GenerateSensorData":{"count":994856,"self":3.9459315999999998,"total":3.9459315,"children":null}}}}}}},"DecideAction":{"count":621784,"self":578.54126079999992,"total":578.5412715,"children":null},"AgentAct":{"count":621784,"self":6.1187176,"total":6.1275686,"children":{"AgentInfo.ToProto":{"count":918,"self":0.0030711,"total":0.0088510999999999989,"children":{"GenerateSensorData":{"count":918,"self":0.0057799999999999995,"total":0.0057799999999999995,"children":null}}}}},"AgentInfo.ToProto":{"count":984,"self":0.0052337999999999994,"total":0.016952699999999998,"children":{"GenerateSensorData":{"count":984,"self":0.011718899999999999,"total":0.011718899999999999,"children":null}}}},"gauges":{"MoveToGoal.CumulativeReward":{"count":1902,"max":5,"min":-165,"runningAverage":-12.6440592,"value":-41,"weightedAverage":-39.00068}},"metadata":{"timer_format_version":"0.1.0","start_time_seconds":"1741861804","unity_version":"2022.3.56f1","command_line_arguments":"C:\\Program Files\\Unity\\Hub\\Editor\\2022.3.56f1\\Editor\\Unity.exe -projectpath C:\\Unity\\Projects\\ThesisProject -useHub -hubIPC -cloudEnvironment production -licensingIpc LicenseClient-Pontus -hubSessionId 7d47c048-649c-40bf-86a8-25f650d2771d -accessToken WZDx1SHYMPBVMXZd6zl8VNJRKvVUbBwP13RapGcejhs005f","communication_protocol_version":"1.5.0","com.unity.ml-agents_version":"2.0.1","scene_name":"Test1Scene","end_time_seconds":"1741862678"}}