{"count":1,"self":134.85797119999998,"total":6683.0804711,"children":{"InitializeActuators":{"count":8,"self":0.0012029999999999999,"total":0.0012029999999999999,"children":null},"InitializeSensors":{"count":8,"self":0.0010044,"total":0.0010044,"children":null},"AgentSendState":{"count":313201,"self":1.830149,"total":7.6375205999999993,"children":{"CollectObservations":{"count":501128,"self":1.6026302,"total":1.6026302,"children":null},"WriteActionMask":{"count":501128,"self":0.2230481,"total":0.2230481,"children":null},"RequestDecision":{"count":501128,"self":1.1032221,"total":3.9816933,"children":{"AgentInfo.ToProto":{"count":501128,"self":0.9371128,"total":2.8784712,"children":{"GenerateSensorData":{"count":501128,"self":1.9413584,"total":1.9413584,"children":null}}}}}}},"DecideAction":{"count":313201,"self":6537.3904895999995,"total":6537.3905927999995,"children":null},"AgentAct":{"count":313201,"self":3.1796864,"total":3.190169,"children":{"AgentInfo.ToProto":{"count":443,"self":0.0046457999999999994,"total":0.0104826,"children":{"GenerateSensorData":{"count":443,"self":0.0058368,"total":0.0058368,"children":null}}}}},"AgentInfo.ToProto":{"count":193,"self":0.0010042999999999999,"total":0.0020066999999999997,"children":{"GenerateSensorData":{"count":193,"self":0.0010023999999999999,"total":0.0010023999999999999,"children":null}}}},"gauges":{"MoveToGoal.CumulativeReward":{"count":636,"max":5,"min":-143,"runningAverage":-37.3356819,"value":-101.5,"weightedAverage":-91.87359}},"metadata":{"timer_format_version":"0.1.0","start_time_seconds":"1741778069","unity_version":"2022.3.56f1","command_line_arguments":"C:\\Program Files\\Unity\\Hub\\Editor\\2022.3.56f1\\Editor\\Unity.exe -projectpath C:\\Unity\\Projects\\ThesisProject -useHub -hubIPC -cloudEnvironment production -licensingIpc LicenseClient-Pontus -hubSessionId c7fbc6fd-f623-4ccc-9580-330975117d36 -accessToken rPrHf545Tn0qbir5rdEysESM3r_1gfAglaCP_7gezMo005f","communication_protocol_version":"1.5.0","com.unity.ml-agents_version":"2.0.1","scene_name":"Train4Scene","end_time_seconds":"1741784752"}}