{
    "name": "root",
    "gauges": {
        "MoveToGoal.Policy.Entropy.mean": {
            "value": 1.136599063873291,
            "min": 0.14956943690776825,
            "max": 1.8017406463623047,
            "count": 598
        },
        "MoveToGoal.Policy.Entropy.sum": {
            "value": 1163.87744140625,
            "min": 141.19354248046875,
            "max": 1859.3963623046875,
            "count": 598
        },
        "MoveToGoal.Environment.EpisodeLength.mean": {
            "value": 309.0,
            "min": 18.0,
            "max": 999.0,
            "count": 578
        },
        "MoveToGoal.Environment.EpisodeLength.sum": {
            "value": 2163.0,
            "min": 18.0,
            "max": 5214.0,
            "count": 578
        },
        "MoveToGoal.Step.mean": {
            "value": 597995.0,
            "min": 991.0,
            "max": 597995.0,
            "count": 598
        },
        "MoveToGoal.Step.sum": {
            "value": 597995.0,
            "min": 991.0,
            "max": 597995.0,
            "count": 598
        },
        "MoveToGoal.Policy.ExtrinsicValue.mean": {
            "value": 0.011251087300479412,
            "min": -170169.59375,
            "max": 2.5071489810943604,
            "count": 598
        },
        "MoveToGoal.Policy.ExtrinsicValue.sum": {
            "value": 0.21377065777778625,
            "min": -3233222.25,
            "max": 45.12868118286133,
            "count": 598
        },
        "MoveToGoal.Environment.CumulativeReward.mean": {
            "value": -0.4285714328289032,
            "min": -97.5,
            "max": 5.0,
            "count": 577
        },
        "MoveToGoal.Environment.CumulativeReward.sum": {
            "value": -3.0,
            "min": -205.0,
            "max": 34.5,
            "count": 577
        },
        "MoveToGoal.Policy.ExtrinsicReward.mean": {
            "value": -0.4285714328289032,
            "min": -97.5,
            "max": 5.0,
            "count": 577
        },
        "MoveToGoal.Policy.ExtrinsicReward.sum": {
            "value": -3.0,
            "min": -205.0,
            "max": 34.5,
            "count": 577
        },
        "MoveToGoal.IsTraining.mean": {
            "value": 0.0,
            "min": 0.0,
            "max": 0.0,
            "count": 598
        },
        "MoveToGoal.IsTraining.sum": {
            "value": 0.0,
            "min": 0.0,
            "max": 0.0,
            "count": 598
        }
    },
    "metadata": {
        "timer_format_version": "0.1.0",
        "start_time_seconds": "1741874746",
        "python_version": "3.9.13 (tags/v3.9.13:6de2ca5, May 17 2022, 16:36:42) [MSC v.1929 64 bit (AMD64)]",
        "command_line_arguments": "C:\\Unity\\Projects\\venv\\Scripts\\mlagents-learn config/SAC/sac_optimized.yaml --initialize-from trainsacopt3 --run-id=testsacopt --inference --force",
        "mlagents_version": "0.30.0",
        "mlagents_envs_version": "0.30.0",
        "communication_protocol_version": "1.5.0",
        "pytorch_version": "2.6.0+cu118",
        "numpy_version": "2.0.2",
        "end_time_seconds": "1741875339"
    },
    "total": 593.2122248000001,
    "count": 1,
    "self": 0.011010300000066309,
    "children": {
        "run_training.setup": {
            "total": 0.13649350000000027,
            "count": 1,
            "self": 0.13649350000000027
        },
        "TrainerController.start_learning": {
            "total": 593.064721,
            "count": 1,
            "self": 1.688750299987305,
            "children": {
                "TrainerController._reset_env": {
                    "total": 21.2282556,
                    "count": 1,
                    "self": 21.2282556
                },
                "TrainerController.advance": {
                    "total": 570.1476887000126,
                    "count": 78067,
                    "self": 0.7388919000218266,
                    "children": {
                        "env_step": {
                            "total": 569.4087967999908,
                            "count": 78067,
                            "self": 425.7766888999885,
                            "children": {
                                "SubprocessEnvManager._take_step": {
                                    "total": 142.76610380000562,
                                    "count": 78067,
                                    "self": 3.721611299998017,
                                    "children": {
                                        "TorchPolicy.evaluate": {
                                            "total": 139.0444925000076,
                                            "count": 74854,
                                            "self": 139.0444925000076
                                        }
                                    }
                                },
                                "workers": {
                                    "total": 0.8660040999966405,
                                    "count": 78066,
                                    "self": 0.0,
                                    "children": {
                                        "worker_root": {
                                            "total": 573.0380398000095,
                                            "count": 78066,
                                            "is_parallel": true,
                                            "self": 224.64856620001427,
                                            "children": {
                                                "steps_from_proto": {
                                                    "total": 0.001534700000000555,
                                                    "count": 1,
                                                    "is_parallel": true,
                                                    "self": 0.00019410000000164018,
                                                    "children": {
                                                        "_process_rank_one_or_two_observation": {
                                                            "total": 0.0013405999999989149,
                                                            "count": 2,
                                                            "is_parallel": true,
                                                            "self": 0.0013405999999989149
                                                        }
                                                    }
                                                },
                                                "UnityEnvironment.step": {
                                                    "total": 348.3879388999953,
                                                    "count": 78066,
                                                    "is_parallel": true,
                                                    "self": 7.338092099968435,
                                                    "children": {
                                                        "UnityEnvironment._generate_step_input": {
                                                            "total": 12.221526100007814,
                                                            "count": 78066,
                                                            "is_parallel": true,
                                                            "self": 12.221526100007814
                                                        },
                                                        "communicator.exchange": {
                                                            "total": 313.3032273000104,
                                                            "count": 78066,
                                                            "is_parallel": true,
                                                            "self": 313.3032273000104
                                                        },